<?xml version="1.0" encoding="utf-8"?>
<resources>
    <color name="purple_200">#9D0B0B</color>
    <color name="purple_500">#9D0B0B</color>
    <color name="purple_700">#7D0808</color>
    <color name="teal_200">#9D0B0B</color>
    <color name="teal_700">#7D0808</color>
    <color name="black">#FF000000</color>
    <color name="white">#FFFFFFFF</color>
    <color name="status_pending">#FFA000</color>
    <color name="status_in_progress">#1976D2</color>
    <color name="status_completed">#388E3C</color>
    <color name="status_acknowledged">#E91E63</color>
    <color name="status_resolved">#9C27B0</color>
</resources>