<resources>
    <string name="app_name">Mess Contractor</string>
    <string name="navigation_drawer_open">Open navigation drawer</string>
    <string name="navigation_drawer_close">Close navigation drawer</string>
    <string name="nav_header_title">Android Studio</string>
    <string name="nav_header_subtitle">android.studio@android.com</string>
    <string name="nav_header_desc">Navigation header</string>
    <string name="action_settings">Settings</string>
    <string name="menu_home">Home</string>
    <string name="menu_complaints">Complaints</string>

    <!-- Login screen strings -->
    <string name="email">Email</string>
    <string name="password">Password</string>
    <string name="login">Login</string>
</resources>